<?xml version="1.0" encoding="UTF-8" ?>
<!DOCTYPE plist PUBLIC "-//Apple//DTD PLIST 1.0//EN" "http://www.apple.com/DTDs/PropertyList-1.0.dtd">
<plist version="1.0">
 <array>
 	<dict>
  		<key>itemTagID</key>
  		<integer>1</integer>
  		<key>itemTagSubID</key>
  		<integer>1</integer>
  		<key>itemTagString</key>
  		<string>帐号查找</string>
  	</dict>
 	<dict>
  		<key>itemTagID</key>
 		<integer>1</integer>
  		<key>itemTagSubID</key>
  		<integer>2</integer>
  		<key>itemTagString</key>
  		<string>帐号查找</string>
  	</dict>
	<dict>
  		<key>itemTagID</key>
  		<integer>6</integer>
  		<key>itemTagSubID</key>
  		<integer>5</integer>
  		<key>itemTagString</key>
  		<string>QQ群</string>
  	</dict>
 	<dict>
  		<key>itemTagID</key>
  		<integer>6</integer>
  		<key>itemTagSubID</key>
  		<integer>1</integer>
  		<key>itemTagString</key>
  		<string>QQ群</string>
  	</dict>
 	<dict>
  		<key>itemTagID</key>
  		<integer>6</integer>
  		<key>itemTagSubID</key>
  		<integer>2</integer>
  		<key>itemTagString</key>
  		<string>QQ群</string>
  		</dict>
 	<dict>
  		<key>itemTagID</key>
  		<integer>6</integer>
  		<key>itemTagSubID</key>
  		<integer>3</integer>
  		<key>itemTagString</key>
  		<string>QQ群</string>
  	</dict>
 	<dict>
  		<key>itemTagID</key>
 		<integer>6</integer>
  		<key>itemTagSubID</key>
  		<integer>4</integer>
  		<key>itemTagString</key>
  		<string>QQ群</string>
  	</dict>
 	<dict>
  		<key>itemTagID</key>
  		<integer>15</integer>
  		<key>itemTagSubID</key>
  		<integer>1</integer>
  		<key>itemTagString</key>
  		<string>QQ咨询</string>
	</dict>
 	<dict>
  		<key>itemTagID</key>
  		<integer>16</integer>
  		<key>itemTagSubID</key>
  		<integer>1</integer>
 		<key>itemTagString</key>
  		<string>QQ咨询</string>
  	</dict>
 	<dict>
  		<key>itemTagID</key>
  		<integer>18</integer>
  		<key>itemTagSubID</key>
  		<integer>0</integer>
  		<key>itemTagString</key>
  		<string>讨论组</string>
  	</dict>
 	<dict>
  		<key>itemTagID</key>
  		<integer>21</integer>
  		<key>itemTagSubID</key>
  		<integer>0</integer>
  		<key>itemTagString</key>
  		<string>可能认识的人</string>
  	</dict>
 	<dict>
  		<key>itemTagID</key>
  		<integer>25</integer>
  		<key>itemTagSubID</key>
  		<integer>1</integer>
  		<key>itemTagString</key>
  		<string>附近的人</string>
  	</dict>
 	<dict>
  		<key>itemTagID</key>
  		<integer>40</integer>
  		<key>itemTagSubID</key>
  		<integer>1</integer>
  		<key>itemTagString</key>
 		<string>可能认识的人</string>
  	</dict>
 	<dict>
  		<key>itemTagID</key>
  		<integer>2001</integer>
  		<key>itemTagSubID</key>
  		<integer>0</integer>
  		<key>itemTagString</key>
  		<string>帐号查找</string>
  	</dict>
 	<dict>
  		<key>itemTagID</key>
 		 <integer>2002</integer>
  		<key>itemTagSubID</key>
  		<integer>0</integer>
  		<key>itemTagString</key>
  		<string>二维码扫描</string>
  	</dict>
 	<dict>
  		<key>itemTagID</key>
  		<integer>2003</integer>
  		<key>itemTagSubID</key>
  		<integer>0</integer>
  		<key>itemTagString</key>
  		<string>可能认识的人</string>
  	</dict>
 	<dict>
  		<key>itemTagID</key>
  		<integer>2004</integer>
  		<key>itemTagSubID</key>
  		<integer>0</integer>
  		<key>itemTagString</key>
  		<string>QQ群</string>
  	</dict>
 	<dict>
  		<key>itemTagID</key>
  		<integer>2005</integer>
  		<key>itemTagSubID</key>
  		<integer>0</integer>
  		<key>itemTagString</key>
  		<string>讨论组</string>
  		</dict>
 	<dict>
  		<key>itemTagID</key>
  		<integer>2006</integer>
  		<key>itemTagSubID</key>
  		<integer>0</integer>
  		<key>itemTagString</key>
  		<string>手机通讯录</string>
  	</dict>
 	<dict>
  		<key>itemTagID</key>
  		<integer>2007</integer>
  		<key>itemTagSubID</key>
  		<integer>0</integer>
 		<key>itemTagString</key>
  		<string>附近的人</string>
  	</dict>
 	<dict>
  		<key>itemTagID</key>
  		<integer>2008</integer>
  		<key>itemTagSubID</key>
  		<integer>0</integer>
  		<key>itemTagString</key>
  		<string>QQ咨询</string>
  	</dict>
 	<dict>
  		<key>itemTagID</key>
  		<integer>3001</integer>
  		<key>itemTagSubID</key>
  		<integer>0</integer>
  		<key>itemTagString</key>
  		<string>帐号查找</string>
  	</dict>
 	<dict>
  		<key>itemTagID</key>
  		<integer>3002</integer>
  		<key>itemTagSubID</key>
  		<integer>0</integer>
  		<key>itemTagString</key>
  		<string>二维码扫描</string>
  	</dict>
 	<dict>
  		<key>itemTagID</key>
  		<integer>3003</integer>
  		<key>itemTagSubID</key>
  		<integer>0</integer>
  		<key>itemTagString</key>
  		<string>可能认识的人</string>
 	</dict>
 	<dict>
  		<key>itemTagID</key>
  		<integer>3004</integer>
  		<key>itemTagSubID</key>
  		<integer>0</integer>
  		<key>itemTagString</key>
  		<string>QQ群</string>
  	</dict>
 	<dict>
  		<key>itemTagID</key>
  		<integer>3005</integer>
  		<key>itemTagSubID</key>
  		<integer>0</integer>
  		<key>itemTagString</key>
  		<string>讨论组</string>
  	</dict>
 	<dict>
  		<key>itemTagID</key>
  		<integer>3006</integer>
  		<key>itemTagSubID</key>
  		<integer>0</integer>
  		<key>itemTagString</key>
  		<string>手机通讯录</string>
  	</dict>
 	<dict>
  		<key>itemTagID</key>
  		<integer>3007</integer>
  		<key>itemTagSubID</key>
  		<integer>0</integer>
  		<key>itemTagString</key>
  		<string>附近的人</string>
  	</dict>
  	<dict>
  		<key>itemTagID</key>
  		<integer>3008</integer>
  		<key>itemTagSubID</key>
  		<integer>0</integer>
  		<key>itemTagString</key>
  		<string>QQ咨询</string>
  	</dict>
  </array>
  </plist>