[{"id":"4","name":"年代星座","classinfo":"哪些是速配星座","taglist":[{"id":49,"name":"70后"},{"id":50,"name":"80后"},{"id":51,"name":"90后"},{"id":52,"name":"00后"},{"id":53,"name":"白羊座"},{"id":54,"name":"金牛座"},{"id":55,"name":"双子座"},{"id":56,"name":"巨蟹座"},{"id":57,"name":"狮子座"},{"id":58,"name":"处女座"},{"id":59,"name":"天秤座"},{"id":60,"name":"射手座"},{"id":61,"name":"天蝎座"},{"id":62,"name":"摩羯座"},{"id":63,"name":"水瓶座"},{"id":64,"name":"双鱼座"}]}]