{"md5":{"qapp_center_base.htm":"57181e31743de41fc6c8692a2abdaf76532c45ee","qapp_center_base.js":"f969f107ab3ce008f3569959947f4efc717598e1","qapp_center_common.css":"f31d1611eec151dc5b7d4850f63c75f2500dd498","qapp_center_detail.htm":"aa612fe90bc1ba91d02ae71ee17be60c440a8de1","qapp_center_index.htm":"c19512da385a4c24f8add242ddd9a8407f121c39","qapp_center_pageBase.js":"f6b35a3b86a800f5e39ac47169e636e7548973e4","qapp_center_search.htm":"a12c0fc805375909ad2948a1fd501456b86d165b"},"route":{"qapp_center_detail.htm":["qapp_center_pageBase.js"],"qapp_center_index.htm":["qapp_center_pageBase.js"],"qapp_center_search.htm":["qapp_center_pageBase.js"],"qapp_center_base.htm":["qapp_center_base.js"]}}