{"apiforimage":"K-Touch E780,HUAWEI C8812E,AMOI N828,7,8,9,10,11,12,13","items":[{"fuzz_image_url":"http:\u002f\u002fimgcache.gtimg.cn\u002fappimg\u002fclub\u002fmobile\u002ffuncall\u002fimage\u002fflower_m_v_1.jpg","id":1,"image_url":"http:\u002f\u002fimgcache.gtimg.cn\u002fappimg\u002fclub\u002fmobile\u002ffuncall\u002fimage\u002fflower_2_b_v_1.jpg","media_size":273,"media_url":"http:\u002f\u002fimgcache.gtimg.cn\u002fappimg\u002fclub\u002fmobile\u002ffuncall\u002fvideo\u002fflower_1_v_1.mp4","name":"花儿绽放","order":2,"thumb_nail_url":"http:\u002f\u002fimgcache.gtimg.cn\u002fappimg\u002fclub\u002fmobile\u002ffuncall\u002fimage\u002fflower_2_s_v_1.png","trialendday":1416715201,"trialstartday":1416542402,"url":"http:\u002f\u002fimgcache.gtimg.cn\u002fappimg\u002fclub\u002fmobile\u002ffuncall\u002fimage\u002fflower_d_v_1.jpg","user_order":null,"vip_type":0,"web_image_url":"http:\u002f\u002fimgcache.gtimg.cn\u002fappimg\u002fclub\u002fmobile\u002ffuncall\u002fimage\u002fflower_1_w_v_2.png"}]}